BAUP	[7, 0, 2.0794415416798357]
AUPA	[7, 0, 2.0794415416798357]
UPAB	[1, 2, -0.40546510810816444]
PABB	[7, 6, 0.13353139262452257]
ABBB	[3, 12, -1.1786549963416462]
BBBA	[5, 6, -0.15415067982725836]
BBAU	[5, 1, 1.0986122886681098]
BAUU	[2, 0, 1.0986122886681098]
AUUA	[4, 1, 0.9162907318741551]
UUAB	[1, 1, 0.0]
UABB	[1, 4, -0.916290731874155]
ABBP	[5, 5, 0.0]
BA_U	[29, 6, 1.455287232606842]
PAB_	[25, 9, 0.9555114450274363]
AU_A	[22, 12, 0.5705448584676129]
A_BB	[25, 20, 0.2135741002980591]
B_BA	[14, 17, -0.1823215567939546]
UPA_	[12, 5, 0.7731898882334817]
BB_U	[8, 17, -0.6931471805599453]
PA_B	[19, 7, 0.9162907318741551]
A_BP	[16, 8, 0.6359887667199967]
AB_B	[15, 12, 0.20763936477824455]
_BBA	[33, 17, 0.6359887667199967]
UA_B	[9, 14, -0.40546510810816444]
UP_B	[2, 9, -1.2039728043259361]
BB_A	[32, 16, 0.6632942174102642]
AB_P	[20, 8, 0.8472978603872037]
BA_P	[30, 6, 1.488077055429833]
_PAB	[30, 9, 1.1314021114911006]
BBB_	[7, 21, -1.0116009116784799]
U_AB	[9, 13, -0.3364722366212129]
UAB_	[13, 7, 0.5596157879354227]
B_UP	[10, 7, 0.3184537311185346]
_UUA	[7, 3, 0.6931471805599453]
_BAU	[5, 3, 0.4054651081081644]
UUA_	[7, 2, 0.9808292530117262]
UU_B	[1, 6, -1.252762968495368]
_BBP	[22, 13, 0.49643688631389105]
U_BB	[1, 13, -1.9459101490553135]
_AUP	[12, 1, 1.8718021769015913]
A_PA	[48, 8, 1.6945957207744073]
AUU_	[6, 6, 0.0]
_UPA	[12, 5, 0.7731898882334817]
P_BB	[8, 13, -0.4418327522790392]
_UAB	[19, 6, 1.0498221244986776]
AUP_	[13, 1, 1.9459101490553132]
B_UU	[3, 4, -0.2231435513142097]
_BBB	[4, 22, -1.5260563034950494]
B_AU	[28, 8, 1.1700712526502546]
_AUU	[6, 7, -0.13353139262452263]
A_UA	[31, 10, 1.067840630001356]
_ABB	[28, 22, 0.23180161405732438]
ABB_	[28, 22, 0.23180161405732438]
BAU_	[13, 4, 1.0296194171811581]
BBA_	[35, 17, 0.6931471805599453]
BB__	[48, 41, 0.15415067982725836]
UP__	[23, 18, 0.2336148511815051]
_UP_	[24, 18, 0.27443684570176036]
BA__	[70, 37, 0.6250937173149297]
U_A_	[33, 27, 0.1941560144409574]
_AU_	[45, 25, 0.5705448584676129]
B_B_	[36, 48, -0.2809023854664022]
B_U_	[35, 29, 0.1823215567939546]
B__A	[56, 43, 0.25886163391628897]
__BA	[62, 38, 0.4795730802618863]
_PA_	[59, 23, 0.9162907318741551]
_P_B	[39, 26, 0.3930425881096072]
_BB_	[48, 41, 0.15415067982725836]
AU__	[47, 27, 0.5389965007326869]
__BB	[45, 43, 0.044451762570833796]
_A_B	[63, 35, 0.5753641449035618]
__PA	[60, 23, 0.9328200338253656]
UA__	[34, 24, 0.3364722366212129]
PA__	[56, 20, 0.9985288301111273]
_U_B	[32, 26, 0.20067069546215124]
B__P	[36, 29, 0.2097205309820691]
A__P	[48, 19, 0.8960880245566357]
A_B_	[63, 36, 0.5479651707154475]
_BA_	[63, 36, 0.5479651707154475]
A__B	[58, 32, 0.5810298824392391]
_B_P	[45, 34, 0.27329333499968134]
__UA	[41, 25, 0.4795730802618863]
_B_B	[23, 44, -0.6286086594223742]
_U_A	[33, 31, 0.06062462181643484]
U__B	[11, 40, -1.2286654169163076]
B__U	[34, 31, 0.08961215868968714]
__UU	[11, 12, -0.08004270767353637]
U_B_	[27, 27, 0.0]
AB__	[69, 36, 0.6375773294051346]
A__A	[79, 31, 0.9162907318741551]
__UP	[23, 18, 0.2336148511815051]
B_A_	[68, 38, 0.5705448584676129]
_A_P	[72, 20, 1.2459370034249682]
_B_U	[24, 27, -0.11332868530700312]
__AU	[37, 22, 0.5020919437972361]
_AB_	[71, 40, 0.5630940523117475]
_UU_	[10, 12, -0.1670540846631662]
_B_A	[65, 43, 0.4054651081081644]
_UA_	[41, 25, 0.4795730802618863]
P_B_	[36, 26, 0.31508104663989545]
UU__	[9, 10, -0.0953101798043249]
__AB	[72, 37, 0.6528732814220054]
P__B	[50, 25, 0.6737290947028437]
__BP	[52, 29, 0.5690945318899664]
_A_U	[44, 24, 0.5877866649021191]
A_U_	[44, 26, 0.5108256237659907]
A_P_	[71, 20, 1.2321436812926323]
BAUB	[2, 1, 0.4054651081081644]
AUBA	[4, 4, 0.0]
UBAA	[3, 5, -0.40546510810816444]
BAAB	[12, 6, 0.6190392084062235]
AABA	[6, 3, 0.5596157879354227]
ABAA	[7, 7, 0.0]
AABP	[12, 3, 1.1786549963416462]
ABPA	[18, 2, 1.8458266904983307]
BPAB	[11, 4, 0.8754687373538999]
_UBA	[7, 13, -0.5596157879354228]
A_AA	[21, 15, 0.3184537311185346]
_BAA	[41, 18, 0.7932306391169279]
UB_A	[6, 8, -0.25131442828090605]
A_BA	[45, 17, 0.9382696385929302]
BP_B	[15, 15, 0.0]
UBA_	[7, 11, -0.40546510810816444]
ABA_	[14, 11, 0.22314355131420976]
AA_A	[35, 6, 1.6376087894007967]
AUB_	[9, 9, 0.0]
B_AB	[21, 17, 0.20067069546215124]
BPA_	[20, 10, 0.6466271649250525]
_ABA	[14, 11, 0.22314355131420976]
B_UB	[6, 14, -0.7621400520468967]
AB_A	[47, 19, 0.8754687373538999]
_AUB	[9, 9, 0.0]
U_AA	[14, 6, 0.7621400520468967]
BA_B	[29, 18, 0.4567584024957149]
BAA_	[48, 14, 1.1837700970084166]
AAB_	[29, 12, 0.8362480242006185]
_AAB	[30, 11, 0.949080554697146]
_BPA	[20, 10, 0.6466271649250525]
AA_P	[21, 11, 0.6061358035703155]
_ABP	[42, 10, 1.363304842895192]
ABP_	[40, 9, 1.410986973710262]
__AA	[70, 36, 0.651761964397091]
U__A	[28, 15, 0.5947071077466928]
_BP_	[47, 27, 0.5389965007326869]
_A_A	[48, 25, 0.6337237600891445]
AA__	[69, 26, 0.9526583760450299]
_AA_	[69, 25, 0.990398704027877]
A_A_	[49, 28, 0.5447271754416719]
_UB_	[15, 30, -0.661398482245365]
BP__	[48, 30, 0.4578330936254803]
UB__	[15, 30, -0.661398482245365]
__UB	[16, 32, -0.6632942174102642]
B__B	[48, 44, 0.08515780834030677]
BBAA	[23, 6, 1.2321436812926323]
ABAB	[7, 5, 0.28768207245178085]
BABA	[8, 9, -0.10536051565782628]
BABB	[16, 10, 0.4353180712578455]
ABBA	[29, 9, 1.0986122886681098]
BBAP	[6, 5, 0.15415067982725836]
BAPU	[1, 1, 0.0]
APUA	[7, 3, 0.6931471805599453]
PUAA	[2, 4, -0.5108256237659907]
UAAP	[13, 3, 1.252762968495368]
AP_A	[46, 15, 1.0775588794702773]
_APU	[10, 4, 0.7884573603642703]
PU_A	[6, 6, 0.0]
APU_	[10, 5, 0.6061358035703155]
_PUA	[16, 4, 1.2237754316221157]
PUA_	[16, 4, 1.2237754316221157]
U_AP	[17, 4, 1.2809338454620642]
A_AB	[26, 7, 1.2163953243244932]
_UAA	[20, 13, 0.4054651081081644]
B_PU	[3, 6, -0.5596157879354228]
UAA_	[18, 9, 0.6418538861723947]
P_AA	[36, 12, 1.0459685551826878]
BA_A	[16, 13, 0.1941560144409574]
_BAP	[17, 7, 0.8109302162163288]
B_AA	[35, 16, 0.750305594399894]
BAB_	[26, 24, 0.0769610411361284]
BB_P	[12, 15, -0.2076393647782445]
_AAP	[44, 9, 1.5040773967762742]
_BAB	[15, 20, -0.2719337154836418]
B_AP	[17, 7, 0.8109302162163288]
BAP_	[21, 6, 1.1451323043030026]
UA_P	[24, 3, 1.8325814637483102]
B_BB	[20, 25, -0.21357410029805904]
_AP_	[58, 17, 1.1871656860095547]
__AP	[57, 18, 1.1160040313799788]
B_P_	[41, 32, 0.24116205681688804]
U__P	[34, 14, 0.8472978603872037]
PU__	[23, 15, 0.4054651081081644]
P__A	[44, 22, 0.6711682738411701]
_PU_	[24, 14, 0.5108256237659907]
P_A_	[67, 24, 1.000631880307906]
__PU	[24, 12, 0.653926467406664]
_P_A	[66, 24, 0.9858167945227654]
AP__	[58, 20, 1.0330150061822965]
AABB	[12, 7, 0.4855078157817008]
BAAP	[11, 2, 1.3862943611198906]
AAPA	[11, 0, 2.4849066497880004]
APAB	[9, 0, 2.302585092994046]
BBPA	[7, 5, 0.28768207245178085]
PABU	[7, 2, 0.9808292530117262]
ABUU	[3, 0, 1.3862943611198906]
BUUA	[3, 1, 0.6931471805599453]
UUAA	[6, 0, 1.9459101490553132]
APA_	[15, 0, 2.772588722239781]
AAP_	[41, 9, 1.4350845252893227]
PA_U	[12, 8, 0.36772478012531734]
BBP_	[15, 12, 0.20763936477824455]
_ABU	[14, 6, 0.7621400520468967]
BUU_	[3, 5, -0.40546510810816444]
BU_A	[10, 14, -0.3101549283038396]
AB_U	[12, 6, 0.6190392084062235]
UU_A	[8, 1, 1.5040773967762742]
ABU_	[14, 6, 0.7621400520468967]
B_PA	[23, 12, 0.6131044728864089]
_BUU	[3, 5, -0.40546510810816444]
P_BU	[9, 8, 0.10536051565782635]
AP_B	[21, 4, 1.4816045409242156]
AA_B	[27, 13, 0.6931471805599453]
B_UA	[17, 9, 0.5877866649021191]
A_UU	[7, 5, 0.28768207245178085]
_APA	[15, 0, 2.772588722239781]
BU__	[17, 34, -0.6649763035932491]
A__U	[29, 16, 0.5679840376059393]
P__U	[20, 18, 0.10008345855698263]
__BU	[17, 32, -0.6061358035703156]
_BU_	[18, 34, -0.6109090823229733]
APPB	[2, 2, 0.0]
PPBB	[1, 2, -0.40546510810816444]
PBBA	[4, 2, 0.5108256237659907]
BAAA	[2, 2, 0.0]
AAAB	[1, 0, 0.6931471805599453]
BAPP	[11, 0, 2.4849066497880004]
PBB_	[16, 13, 0.1941560144409574]
AAA_	[2, 5, -0.6931471805599453]
PB_A	[16, 6, 0.8873031950009027]
P_BA	[7, 4, 0.47000362924573563]
_PBB	[16, 15, 0.06062462181643484]
B_PP	[14, 5, 0.9162907318741551]
PPB_	[4, 5, -0.1823215567939546]
A_PB	[21, 7, 1.0116009116784799]
_AAA	[2, 5, -0.6931471805599453]
_APP	[28, 7, 1.2878542883066382]
_PPB	[4, 5, -0.1823215567939546]
APP_	[28, 8, 1.1700712526502546]
PP_B	[17, 7, 0.8109302162163288]
_PB_	[34, 29, 0.15415067982725836]
PP__	[38, 17, 0.7731898882334817]
__PP	[39, 15, 0.9162907318741551]
PB__	[34, 25, 0.2972515234679317]
__PB	[35, 28, 0.216223108469636]
_PP_	[39, 16, 0.8556661100577203]
UBAP	[3, 1, 0.6931471805599453]
APPU	[2, 0, 1.0986122886681098]
PPUA	[2, 1, 0.4054651081081644]
PUAB	[13, 0, 2.6390573296152584]
UABA	[1, 0, 0.6931471805599453]
AAAP	[1, 2, -0.40546510810816444]
AAPP	[16, 7, 0.7537718023763802]
APPA	[27, 6, 1.3862943611198906]
PP_A	[22, 6, 1.1895840668738364]
PPU_	[3, 4, -0.2231435513142097]
UA_A	[1, 2, -0.40546510810816444]
PU_B	[15, 1, 2.0794415416798357]
AP_U	[2, 1, 0.4054651081081644]
P_UA	[2, 6, -0.8472978603872037]
A_PU	[19, 4, 1.3862943611198906]
P_AB	[43, 11, 1.2992829841302609]
A_AP	[8, 5, 0.4054651081081644]
UB_P	[8, 8, 0.0]
U_BA	[10, 3, 1.0116009116784799]
_PPU	[3, 3, 0.0]
A_PP	[28, 9, 1.0647107369924282]
_PPA	[35, 8, 1.3862943611198906]
_P_U	[9, 13, -0.3364722366212129]
P_U_	[9, 15, -0.4700036292457356]
ABAP	[2, 0, 1.0986122886681098]
BAPB	[5, 4, 0.1823215567939546]
APBB	[10, 2, 1.2992829841302609]
PBBP	[12, 3, 1.1786549963416462]
BBPU	[2, 3, -0.2876820724517809]
BPUP	[2, 0, 1.0986122886681098]
PUPU	[1, 0, 0.6931471805599453]
UPUP	[1, 0, 0.6931471805599453]
PUPP	[1, 0, 0.6931471805599453]
UPPN	[1, 0, 0.6931471805599453]
_BPU	[11, 6, 0.5389965007326869]
P_PP	[9, 1, 1.6094379124341003]
P_BP	[22, 7, 1.0560526742493137]
UP_P	[6, 2, 0.8472978603872037]
B_PB	[12, 14, -0.1431008436406733]
_APB	[24, 8, 1.0216512475319812]
U_PN	[1, 0, 0.6931471805599453]
_UPP	[6, 2, 0.8472978603872037]
APB_	[24, 9, 0.9162907318741551]
_PPN	[1, 0, 0.6931471805599453]
UPP_	[6, 2, 0.8472978603872037]
BPU_	[11, 6, 0.5389965007326869]
U_UP	[1, 4, -0.916290731874155]
PU_P	[3, 1, 0.6931471805599453]
PU_U	[1, 6, -1.252762968495368]
UP_N	[1, 2, -0.40546510810816444]
PUP_	[5, 1, 1.0986122886681098]
PB_P	[15, 4, 1.1631508098056809]
_PUP	[5, 2, 0.6931471805599453]
P_PU	[3, 2, 0.28768207245178085]
_UPU	[1, 1, 0.0]
BP_P	[4, 4, 0.0]
UPU_	[1, 1, 0.0]
P__P	[42, 12, 1.1962507582320256]
U__N	[1, 8, -1.5040773967762742]
__PN	[8, 3, 0.8109302162163288]
_P_P	[17, 9, 0.5877866649021191]
P_P_	[17, 6, 0.9444616088408515]
U_U_	[1, 21, -2.3978952727983707]
U_P_	[10, 12, -0.1670540846631662]
_U_U	[1, 18, -2.2512917986064953]
_P_N	[1, 6, -1.252762968495368]
_U_P	[11, 13, -0.15415067982725836]
BBAB	[9, 8, 0.10536051565782635]
AAPU	[8, 2, 1.0986122886681098]
BB_B	[12, 19, -0.4307829160924542]
AA_U	[16, 9, 0.5306282510621704]
BBBP	[1, 4, -0.916290731874155]
PABP	[15, 2, 1.6739764335716716]
ABUP	[5, 4, 0.1823215567939546]
BUPA	[2, 5, -0.6931471805599453]
UPAA	[6, 0, 1.9459101490553132]
PAAB	[12, 1, 1.8718021769015913]
AABU	[5, 2, 0.6931471805599453]
ABUA	[6, 3, 0.5596157879354227]
BUAB	[1, 2, -0.40546510810816444]
UABU	[2, 2, 0.0]
BUP_	[6, 14, -0.7621400520468967]
_BUA	[7, 9, -0.2231435513142097]
B_BP	[7, 12, -0.48550781578170077]
A_UP	[8, 5, 0.4054651081081644]
UP_A	[15, 3, 1.3862943611198906]
BUA_	[6, 8, -0.25131442828090605]
U_BU	[4, 7, -0.4700036292457356]
_BUP	[6, 13, -0.6931471805599453]
BU_B	[8, 15, -0.5753641449035618]
PA_P	[36, 2, 2.512305623976115]
PAA_	[36, 8, 1.413693335308005]
_PAA	[34, 11, 1.0704414117014134]
A_BU	[5, 4, 0.1823215567939546]
UA_U	[2, 8, -1.0986122886681098]
U__U	[5, 16, -1.041453874828161]
AUPP	[5, 0, 1.791759469228055]
UPPB	[1, 2, -0.40546510810816444]
PPBP	[2, 2, 0.0]
PBPP	[3, 0, 1.3862943611198906]
BPPP	[2, 1, 0.4054651081081644]
PPPA	[1, 0, 0.6931471805599453]
PPAA	[18, 4, 1.33500106673234]
PAAP	[23, 0, 3.1780538303479458]
PUAP	[2, 0, 1.0986122886681098]
UAPP	[3, 0, 1.3862943611198906]
PPAB	[16, 4, 1.2237754316221157]
_UAP	[6, 3, 0.5596157879354227]
UAP_	[5, 3, 0.4054651081081644]
_PPP	[3, 1, 0.6931471805599453]
AU_P	[9, 4, 0.6931471805599453]
U_PP	[3, 1, 0.6931471805599453]
PPP_	[2, 1, 0.4054651081081644]
_PBP	[3, 5, -0.40546510810816444]
P_AP	[30, 1, 2.740840023925201]
PBP_	[3, 3, 0.0]
P_PA	[5, 1, 1.0986122886681098]
PP_P	[8, 5, 0.4054651081081644]
_BPP	[15, 6, 0.8266785731844679]
BPP_	[16, 6, 0.8873031950009027]
U_PB	[2, 8, -1.0986122886681098]
PPA_	[34, 9, 1.252762968495368]
BPPA	[14, 2, 1.6094379124341003]
PPAP	[6, 1, 1.252762968495368]
PAPP	[5, 0, 1.791759469228055]
ABPP	[8, 2, 1.0986122886681098]
PAAU	[5, 5, 0.0]
AAUA	[17, 3, 1.5040773967762742]
AUAP	[4, 3, 0.22314355131420976]
P_AU	[10, 7, 0.3184537311185346]
AAU_	[27, 12, 0.7672551527136672]
_AAU	[27, 11, 0.8472978603872037]
_PAP	[12, 1, 1.8718021769015913]
_AUA	[20, 12, 0.4795730802618863]
AUA_	[21, 14, 0.3829922522561057]
BP_A	[30, 8, 1.236762627148927]
PAP_	[9, 1, 1.6094379124341003]
BBBB	[2, 8, -1.0986122886681098]
BBBU	[1, 16, -2.1400661634962708]
BBUB	[6, 6, 0.0]
BUBA	[1, 5, -1.0986122886681098]
UBAB	[1, 5, -1.0986122886681098]
ABBN	[1, 0, 0.6931471805599453]
BBNU	[1, 0, 0.6931471805599453]
B_BU	[4, 21, -1.4816045409242156]
_BBU	[5, 19, -1.2039728043259361]
B_NU	[1, 0, 0.6931471805599453]
_BNU	[1, 4, -0.916290731874155]
BBN_	[1, 2, -0.40546510810816444]
UB_B	[1, 14, -2.0149030205422647]
AB_N	[1, 1, 0.0]
_BBN	[1, 3, -0.6931471805599453]
BUB_	[4, 12, -0.9555114450274363]
_BUB	[4, 12, -0.9555114450274363]
BBU_	[8, 18, -0.7472144018302211]
A_BN	[1, 0, 0.6931471805599453]
B_N_	[1, 5, -1.0986122886681098]
__BN	[1, 12, -1.8718021769015913]
A__N	[7, 1, 1.3862943611198906]
_BN_	[2, 12, -1.466337068793427]
_B_N	[1, 6, -1.252762968495368]
__NU	[1, 8, -1.5040773967762742]
PAPU	[1, 1, 0.0]
AAPB	[15, 1, 2.0794415416798357]
BAAU	[23, 3, 1.791759469228055]
AAUB	[7, 6, 0.13353139262452257]
AUBB	[5, 5, 0.0]
UBBP	[5, 2, 0.6931471805599453]
UBB_	[8, 12, -0.3677247801253174]
U_BP	[14, 6, 0.7621400520468967]
_UBB	[8, 13, -0.4418327522790392]
A_UB	[11, 9, 0.1823215567939546]
AU_B	[16, 10, 0.4353180712578455]
BABU	[3, 2, 0.28768207245178085]
BUPB	[4, 7, -0.4700036292457356]
UPBA	[4, 3, 0.22314355131420976]
PBAB	[2, 6, -0.8472978603872037]
BABP	[6, 4, 0.3364722366212129]
BPAA	[13, 6, 0.6931471805599453]
_UPB	[5, 10, -0.6061358035703156]
PB_B	[2, 17, -1.791759469228055]
UPB_	[4, 10, -0.7884573603642702]
PBA_	[20, 10, 0.6466271649250525]
_PBA	[20, 12, 0.4795730802618863]
BBUA	[3, 5, -0.40546510810816444]
BUAA	[7, 4, 0.47000362924573563]
UAAB	[8, 6, 0.25131442828090617]
BAPA	[4, 0, 1.6094379124341003]
APAA	[5, 0, 1.791759469228055]
PBAP	[7, 0, 2.0794415416798357]
PBAA	[12, 2, 1.466337068793427]
APBA	[13, 7, 0.5596157879354227]
UPAP	[5, 0, 1.791759469228055]
PAPN	[1, 0, 0.6931471805599453]
APNA	[1, 0, 0.6931471805599453]
PNAA	[5, 0, 1.791759469228055]
NAAP	[7, 3, 0.6931471805599453]
UAPU	[1, 0, 0.6931471805599453]
NAA_	[7, 4, 0.47000362924573563]
_PNA	[6, 0, 1.9459101490553132]
U_PU	[1, 0, 0.6931471805599453]
PN_A	[6, 1, 1.252762968495368]
P_PN	[1, 0, 0.6931471805599453]
_NAA	[7, 4, 0.47000362924573563]
NA_P	[6, 4, 0.3364722366212129]
PA_N	[3, 1, 0.6931471805599453]
APN_	[2, 1, 0.4054651081081644]
_APN	[2, 1, 0.4054651081081644]
A_NA	[6, 3, 0.5596157879354227]
N_AP	[6, 4, 0.3364722366212129]
PNA_	[6, 0, 1.9459101490553132]
N__P	[6, 7, -0.13353139262452263]
_N_A	[7, 8, -0.11778303565638351]
A_N_	[7, 6, 0.13353139262452257]
PN__	[7, 3, 0.6931471805599453]
_PN_	[7, 3, 0.6931471805599453]
_NA_	[7, 6, 0.13353139262452257]
N_A_	[7, 9, -0.2231435513142097]
_A_N	[6, 7, -0.13353139262452263]
P__N	[3, 3, 0.0]
NA__	[7, 7, 0.0]
__NA	[7, 5, 0.28768207245178085]
AUAA	[8, 7, 0.11778303565638346]
APUP	[3, 1, 0.6931471805599453]
PUPA	[3, 0, 1.3862943611198906]
AP_P	[7, 1, 1.3862943611198906]
AAUU	[4, 3, 0.22314355131420976]
ABNB	[1, 1, 0.0]
BNBB	[1, 2, -0.40546510810816444]
NBBU	[1, 0, 0.6931471805599453]
BUBB	[5, 4, 0.1823215567939546]
UBBA	[3, 0, 1.3862943611198906]
ABUB	[2, 0, 1.0986122886681098]
UBBU	[2, 3, -0.2876820724517809]
_BNB	[1, 3, -0.6931471805599453]
_NBB	[1, 4, -0.916290731874155]
ABN_	[1, 5, -1.0986122886681098]
NB_U	[1, 0, 0.6931471805599453]
NBB_	[1, 6, -1.252762968495368]
BN_B	[1, 7, -1.3862943611198906]
N_BU	[1, 2, -0.40546510810816444]
UB_U	[3, 4, -0.2231435513142097]
BNB_	[1, 4, -0.916290731874155]
A_NB	[1, 2, -0.40546510810816444]
NB__	[1, 11, -1.791759469228055]
N_B_	[2, 13, -1.540445040947149]
__NB	[1, 8, -1.5040773967762742]
N__U	[1, 5, -1.0986122886681098]
_N_B	[2, 15, -1.6739764335716716]
_NB_	[1, 9, -1.6094379124341003]
BN__	[1, 14, -2.0149030205422647]
ABPB	[10, 3, 1.0116009116784799]
BPBB	[8, 9, -0.10536051565782628]
PBBU	[3, 2, 0.28768207245178085]
PB_U	[3, 5, -0.40546510810816444]
_BPB	[6, 10, -0.45198512374305727]
BPB_	[6, 12, -0.6190392084062235]
BBPB	[2, 4, -0.5108256237659907]
BBUP	[1, 6, -1.252762968495368]
BBPP	[5, 3, 0.4054651081081644]
BPPB	[2, 0, 1.0986122886681098]
PPBA	[2, 1, 0.4054651081081644]
BPBA	[2, 0, 1.0986122886681098]
APAP	[1, 0, 0.6931471805599453]
PAUP	[9, 0, 2.302585092994046]
UPPA	[4, 0, 1.6094379124341003]
PPAU	[5, 0, 1.791759469228055]
AUPN	[5, 0, 1.791759469228055]
UPNA	[5, 0, 1.791759469228055]
NAAB	[3, 0, 1.3862943611198906]
BAAN	[4, 1, 0.9162907318741551]
AANA	[6, 0, 1.9459101490553132]
ANAA	[5, 0, 1.791759469228055]
P_UP	[5, 2, 0.6931471805599453]
NA_B	[4, 0, 1.6094379124341003]
B_AN	[4, 1, 0.9162907318741551]
AN_A	[5, 1, 1.0986122886681098]
PP_U	[6, 0, 1.9459101490553132]
_PAU	[5, 4, 0.1823215567939546]
_ANA	[5, 0, 1.791759469228055]
U_PA	[4, 3, 0.22314355131420976]
AAN_	[5, 1, 1.0986122886681098]
N_AB	[3, 1, 0.6931471805599453]
_AAN	[5, 1, 1.0986122886681098]
BA_N	[4, 6, -0.3364722366212129]
UPN_	[5, 2, 0.6931471805599453]
ANA_	[5, 0, 1.791759469228055]
_UPN	[5, 2, 0.6931471805599453]
AU_N	[5, 0, 1.791759469228055]
U_NA	[5, 0, 1.791759469228055]
PAU_	[5, 4, 0.1823215567939546]
A_PN	[6, 0, 1.9459101490553132]
N__B	[4, 6, -0.3364722366212129]
__AN	[5, 1, 1.0986122886681098]
_AN_	[5, 1, 1.0986122886681098]
AN__	[5, 2, 0.6931471805599453]
U_N_	[5, 8, -0.40546510810816444]
B__N	[4, 13, -1.0296194171811581]
_U_N	[5, 6, -0.15415067982725836]
PNAP	[1, 0, 0.6931471805599453]
NAPB	[1, 0, 0.6931471805599453]
_NAP	[1, 0, 0.6931471805599453]
N_PB	[1, 3, -0.6931471805599453]
NAP_	[1, 0, 0.6931471805599453]
PN_P	[1, 0, 0.6931471805599453]
N_P_	[1, 3, -0.6931471805599453]
_N_P	[1, 3, -0.6931471805599453]
PAAN	[2, 0, 1.0986122886681098]
P_AN	[2, 0, 1.0986122886681098]
BAUA	[3, 3, 0.0]
AUAB	[9, 3, 0.9162907318741551]
UABP	[9, 0, 2.302585092994046]
ABPU	[9, 2, 1.2039728043259361]
BPUA	[8, 0, 2.1972245773362196]
BPUU	[1, 1, 0.0]
PUUB	[1, 0, 0.6931471805599453]
_UUB	[3, 6, -0.5596157879354228]
BP_U	[1, 6, -1.252762968495368]
_PUU	[2, 1, 0.4054651081081644]
PUU_	[1, 2, -0.40546510810816444]
P_UB	[1, 5, -1.0986122886681098]
PUPB	[1, 1, 0.0]
P_PB	[3, 4, -0.2231435513142097]
ANAB	[1, 0, 0.6931471805599453]
NABP	[1, 1, 0.0]
AAPN	[1, 0, 0.6931471805599453]
APNP	[1, 0, 0.6931471805599453]
PNPA	[1, 0, 0.6931471805599453]
NAB_	[1, 2, -0.40546510810816444]
_NPA	[1, 1, 0.0]
A_NP	[1, 0, 0.6931471805599453]
_PNP	[1, 0, 0.6931471805599453]
N_BP	[1, 2, -0.40546510810816444]
AN_B	[1, 1, 0.0]
AA_N	[1, 0, 0.6931471805599453]
PNP_	[1, 0, 0.6931471805599453]
_NAB	[1, 1, 0.0]
_NP_	[1, 5, -1.0986122886681098]
__NP	[1, 4, -0.916290731874155]
AUUB	[2, 2, 0.0]
UUBA	[2, 0, 1.0986122886681098]
UBAU	[1, 0, 0.6931471805599453]
U_AU	[1, 6, -1.252762968495368]
UUB_	[2, 7, -0.9808292530117262]
BPAP	[1, 0, 0.6931471805599453]
PAPB	[2, 0, 1.0986122886681098]
APBP	[1, 0, 0.6931471805599453]
APPP	[1, 0, 0.6931471805599453]
PPPP	[1, 2, -0.40546510810816444]
PPPU	[1, 0, 0.6931471805599453]
PPUU	[1, 0, 0.6931471805599453]
P_UU	[1, 0, 0.6931471805599453]
UAPB	[1, 3, -0.6931471805599453]
APUB	[1, 1, 0.0]
PUBA	[1, 1, 0.0]
_PUB	[1, 6, -1.252762968495368]
PUB_	[1, 6, -1.252762968495368]
UUBU	[0, 2, -1.0986122886681098]
UBUA	[0, 1, -0.6931471805599453]
BUAU	[0, 3, -1.3862943611198906]
UAUB	[0, 2, -1.0986122886681098]
UBBN	[0, 2, -1.0986122886681098]
BBNB	[0, 1, -0.6931471805599453]
BNBU	[0, 2, -1.0986122886681098]
NBUP	[0, 1, -0.6931471805599453]
UPAU	[0, 3, -1.3862943611198906]
PAUA	[0, 4, -1.6094379124341003]
PA_A	[0, 5, -1.791759469228055]
N_UP	[0, 1, -0.6931471805599453]
UAU_	[0, 7, -2.0794415416798357]
_UAU	[0, 6, -1.9459101490553135]
_NBU	[0, 3, -1.3862943611198906]
NB_P	[0, 3, -1.3862943611198906]
U_UB	[0, 10, -2.3978952727983707]
BU_U	[0, 7, -2.0794415416798357]
_UBU	[0, 7, -2.0794415416798357]
U_BN	[0, 5, -1.791759469228055]
B_NB	[0, 2, -1.0986122886681098]
NBU_	[0, 3, -1.3862943611198906]
BN_U	[0, 3, -1.3862943611198906]
U_UA	[0, 4, -1.6094379124341003]
UBU_	[0, 10, -2.3978952727983707]
UU_U	[0, 6, -1.9459101490553135]
UP_U	[0, 3, -1.3862943611198906]
UB_N	[0, 3, -1.3862943611198906]
N_U_	[0, 5, -1.791759469228055]
_N_U	[0, 5, -1.791759469228055]
UUNU	[0, 2, -1.0986122886681098]
UNUU	[0, 1, -0.6931471805599453]
NUUU	[0, 1, -0.6931471805599453]
UUUB	[0, 1, -0.6931471805599453]
UUBB	[0, 4, -1.6094379124341003]
UBBB	[0, 6, -1.9459101490553135]
NUU_	[0, 1, -0.6931471805599453]
U_NU	[0, 3, -1.3862943611198906]
_UNU	[0, 4, -1.6094379124341003]
N_UU	[0, 1, -0.6931471805599453]
UNU_	[0, 4, -1.6094379124341003]
_UUU	[0, 5, -1.791759469228055]
_NUU	[0, 1, -0.6931471805599453]
UUU_	[0, 3, -1.3862943611198906]
NU_U	[0, 2, -1.0986122886681098]
UN_U	[0, 2, -1.0986122886681098]
UUN_	[0, 3, -1.3862943611198906]
U_UU	[0, 6, -1.9459101490553135]
UN__	[0, 9, -2.3025850929940455]
NU__	[0, 6, -1.9459101490553135]
_UN_	[0, 9, -2.3025850929940455]
_NU_	[0, 9, -2.3025850929940455]
UABN	[0, 1, -0.6931471805599453]
ABNU	[0, 2, -1.0986122886681098]
BNUB	[0, 4, -1.6094379124341003]
NUBA	[0, 3, -1.3862943611198906]
BAPN	[0, 1, -0.6931471805599453]
APNU	[0, 1, -0.6931471805599453]
PNUA	[0, 1, -0.6931471805599453]
NUAU	[0, 1, -0.6931471805599453]
UAUU	[0, 4, -1.6094379124341003]
AUUU	[0, 3, -1.3862943611198906]
UUUU	[0, 2, -1.0986122886681098]
UUUA	[0, 1, -0.6931471805599453]
BNU_	[0, 5, -1.791759469228055]
_NUA	[0, 1, -0.6931471805599453]
NUA_	[0, 1, -0.6931471805599453]
N_BA	[0, 7, -2.0794415416798357]
NU_A	[0, 3, -1.3862943611198906]
N_AU	[0, 2, -1.0986122886681098]
AU_U	[0, 5, -1.791759469228055]
_PNU	[0, 1, -0.6931471805599453]
B_PN	[0, 3, -1.3862943611198906]
_NUB	[0, 7, -2.0794415416798357]
NUB_	[0, 4, -1.6094379124341003]
UA_N	[0, 1, -0.6931471805599453]
PNU_	[0, 1, -0.6931471805599453]
_ABN	[0, 6, -1.9459101490553135]
A_NU	[0, 2, -1.0986122886681098]
N__A	[0, 11, -2.4849066497880004]
UBUU	[0, 1, -0.6931471805599453]
BUUB	[0, 3, -1.3862943611198906]
BUBU	[0, 3, -1.3862943611198906]
UBUP	[0, 4, -1.6094379124341003]
BNAU	[0, 1, -0.6931471805599453]
NAUA	[0, 1, -0.6931471805599453]
AUAU	[0, 2, -1.0986122886681098]
UAUA	[0, 2, -1.0986122886681098]
AUBP	[0, 1, -0.6931471805599453]
UBPA	[0, 2, -1.0986122886681098]
NA_A	[0, 2, -1.0986122886681098]
NAU_	[0, 1, -0.6931471805599453]
_UBP	[0, 5, -1.791759469228055]
N_UA	[0, 2, -1.0986122886681098]
A_AU	[0, 4, -1.6094379124341003]
UBP_	[0, 4, -1.6094379124341003]
_NAU	[0, 1, -0.6931471805599453]
BNA_	[0, 5, -1.791759469228055]
BBUU	[0, 4, -1.6094379124341003]
UUAU	[0, 1, -0.6931471805599453]
BBBN	[0, 1, -0.6931471805599453]
BB_N	[0, 3, -1.3862943611198906]
B_BN	[0, 6, -1.9459101490553135]
BPUB	[0, 4, -1.6094379124341003]
PUBU	[0, 4, -1.6094379124341003]
UBUN	[0, 1, -0.6931471805599453]
BUNP	[0, 2, -1.0986122886681098]
UNPA	[0, 1, -0.6931471805599453]
NPAA	[0, 1, -0.6931471805599453]
PAAA	[0, 2, -1.0986122886681098]
AAAU	[0, 3, -1.3862943611198906]
AAUP	[0, 1, -0.6931471805599453]
AUPU	[0, 1, -0.6931471805599453]
NPA_	[0, 2, -1.0986122886681098]
_BUN	[0, 3, -1.3862943611198906]
U_UN	[0, 3, -1.3862943611198906]
B_NP	[0, 3, -1.3862943611198906]
UN_A	[0, 2, -1.0986122886681098]
N_AA	[0, 2, -1.0986122886681098]
UNP_	[0, 2, -1.0986122886681098]
_UNP	[0, 2, -1.0986122886681098]
BU_P	[0, 7, -2.0794415416798357]
NP_A	[0, 2, -1.0986122886681098]
BUN_	[0, 3, -1.3862943611198906]
NP__	[0, 6, -1.9459101490553135]
__UN	[0, 8, -2.1972245773362196]
UPUN	[0, 1, -0.6931471805599453]
PUNA	[0, 1, -0.6931471805599453]
UNAA	[0, 1, -0.6931471805599453]
NAAA	[0, 1, -0.6931471805599453]
P_NA	[0, 2, -1.0986122886681098]
_UNA	[0, 1, -0.6931471805599453]
PUN_	[0, 3, -1.3862943611198906]
_PUN	[0, 3, -1.3862943611198906]
UNA_	[0, 1, -0.6931471805599453]
P_N_	[0, 6, -1.9459101490553135]
ABBU	[0, 2, -1.0986122886681098]
PPPB	[0, 1, -0.6931471805599453]
PBBB	[0, 7, -2.0794415416798357]
UAAU	[0, 2, -1.0986122886681098]
UBUB	[0, 6, -1.9459101490553135]
BUBP	[0, 3, -1.3862943611198906]
UBPB	[0, 1, -0.6931471805599453]
PUUN	[0, 1, -0.6931471805599453]
UUNB	[0, 1, -0.6931471805599453]
UNBU	[0, 1, -0.6931471805599453]
NBUA	[0, 1, -0.6931471805599453]
U_NB	[0, 5, -1.791759469228055]
_UUN	[0, 2, -1.0986122886681098]
UNB_	[0, 2, -1.0986122886681098]
P_UN	[0, 2, -1.0986122886681098]
NB_A	[0, 4, -1.6094379124341003]
_UNB	[0, 2, -1.0986122886681098]
PU_N	[0, 1, -0.6931471805599453]
ABUN	[0, 1, -0.6931471805599453]
UNPB	[0, 1, -0.6931471805599453]
NPBA	[0, 1, -0.6931471805599453]
_NPB	[0, 4, -1.6094379124341003]
NPB_	[0, 4, -1.6094379124341003]
A_UN	[0, 1, -0.6931471805599453]
UN_B	[0, 4, -1.6094379124341003]
AAAA	[0, 1, -0.6931471805599453]
BBNN	[0, 1, -0.6931471805599453]
BNNP	[0, 1, -0.6931471805599453]
NNPB	[0, 1, -0.6931471805599453]
NPBU	[0, 2, -1.0986122886681098]
PBUB	[0, 4, -1.6094379124341003]
BNN_	[0, 1, -0.6931471805599453]
NNP_	[0, 1, -0.6931471805599453]
PBU_	[0, 4, -1.6094379124341003]
_PBU	[0, 4, -1.6094379124341003]
_NNP	[0, 1, -0.6931471805599453]
_BNN	[0, 1, -0.6931471805599453]
B_NN	[0, 1, -0.6931471805599453]
NP_U	[0, 3, -1.3862943611198906]
NN_B	[0, 1, -0.6931471805599453]
BN_P	[0, 2, -1.0986122886681098]
__NN	[0, 1, -0.6931471805599453]
NN__	[0, 1, -0.6931471805599453]
_NN_	[0, 1, -0.6931471805599453]
NPAU	[0, 1, -0.6931471805599453]
BPBN	[0, 1, -0.6931471805599453]
PBNP	[0, 1, -0.6931471805599453]
BNPB	[0, 1, -0.6931471805599453]
_PBN	[0, 3, -1.3862943611198906]
PBN_	[0, 3, -1.3862943611198906]
_BNP	[0, 1, -0.6931471805599453]
BNP_	[0, 1, -0.6931471805599453]
BP_N	[0, 2, -1.0986122886681098]
P_NP	[0, 1, -0.6931471805599453]
BPUN	[0, 1, -0.6931471805599453]
PUNU	[0, 2, -1.0986122886681098]
UNUB	[0, 3, -1.3862943611198906]
P_NU	[0, 3, -1.3862943611198906]
B_UN	[0, 2, -1.0986122886681098]
UBNB	[0, 2, -1.0986122886681098]
NBUB	[0, 1, -0.6931471805599453]
NB_B	[0, 4, -1.6094379124341003]
N_UB	[0, 1, -0.6931471805599453]
UBN_	[0, 3, -1.3862943611198906]
UPBB	[0, 4, -1.6094379124341003]
UUBP	[0, 1, -0.6931471805599453]
UU_P	[0, 1, -0.6931471805599453]
BUUU	[0, 1, -0.6931471805599453]
UUUN	[0, 1, -0.6931471805599453]
UU_N	[0, 2, -1.0986122886681098]
PUBB	[0, 1, -0.6931471805599453]
BPPU	[0, 3, -1.3862943611198906]
PPUP	[0, 1, -0.6931471805599453]
PBPU	[0, 1, -0.6931471805599453]
UPBP	[0, 2, -1.0986122886681098]
PBPB	[0, 5, -1.791759469228055]
BPBP	[0, 4, -1.6094379124341003]
BPBU	[0, 2, -1.0986122886681098]
BUPP	[0, 2, -1.0986122886681098]
PPUN	[0, 1, -0.6931471805599453]
PP_N	[0, 1, -0.6931471805599453]
BBUN	[0, 1, -0.6931471805599453]
BUNB	[0, 1, -0.6931471805599453]
UNBP	[0, 1, -0.6931471805599453]
NBPB	[0, 1, -0.6931471805599453]
NBP_	[0, 1, -0.6931471805599453]
_NBP	[0, 1, -0.6931471805599453]
UN_P	[0, 1, -0.6931471805599453]
UUBN	[0, 1, -0.6931471805599453]
UBNU	[0, 1, -0.6931471805599453]
_UBN	[0, 2, -1.0986122886681098]
BUPN	[0, 2, -1.0986122886681098]
UPNB	[0, 2, -1.0986122886681098]
PNBB	[0, 2, -1.0986122886681098]
NBBA	[0, 3, -1.3862943611198906]
BU_N	[0, 2, -1.0986122886681098]
_PNB	[0, 2, -1.0986122886681098]
PN_B	[0, 2, -1.0986122886681098]
PNB_	[0, 2, -1.0986122886681098]
NUBN	[0, 1, -0.6931471805599453]
BNBN	[0, 1, -0.6931471805599453]
NBNB	[0, 1, -0.6931471805599453]
BNBA	[0, 1, -0.6931471805599453]
NBAB	[0, 1, -0.6931471805599453]
BABN	[0, 4, -1.6094379124341003]
NBBB	[0, 2, -1.0986122886681098]
N_BB	[0, 2, -1.0986122886681098]
BN_N	[0, 1, -0.6931471805599453]
NU_N	[0, 1, -0.6931471805599453]
N_NB	[0, 1, -0.6931471805599453]
NBN_	[0, 1, -0.6931471805599453]
N_BN	[0, 3, -1.3862943611198906]
NBA_	[0, 2, -1.0986122886681098]
_NBN	[0, 1, -0.6931471805599453]
BN_A	[0, 4, -1.6094379124341003]
_NBA	[0, 2, -1.0986122886681098]
_N_N	[0, 1, -0.6931471805599453]
N__N	[0, 3, -1.3862943611198906]
N_N_	[0, 1, -0.6931471805599453]
ANPB	[0, 1, -0.6931471805599453]
NPBN	[0, 1, -0.6931471805599453]
PBNU	[0, 1, -0.6931471805599453]
BNUP	[0, 1, -0.6931471805599453]
NUPB	[0, 1, -0.6931471805599453]
NU_B	[0, 1, -0.6931471805599453]
NUP_	[0, 1, -0.6931471805599453]
ANP_	[0, 1, -0.6931471805599453]
NP_N	[0, 1, -0.6931471805599453]
_NUP	[0, 1, -0.6931471805599453]
PBAU	[0, 2, -1.0986122886681098]
PBPA	[0, 1, -0.6931471805599453]
ABNA	[0, 3, -1.3862943611198906]
BNAA	[0, 3, -1.3862943611198906]
_BNA	[0, 4, -1.6094379124341003]
PABN	[0, 1, -0.6931471805599453]
P_BN	[0, 1, -0.6931471805599453]
AANB	[0, 1, -0.6931471805599453]
ANBA	[0, 1, -0.6931471805599453]
NBAP	[0, 1, -0.6931471805599453]
ANB_	[0, 1, -0.6931471805599453]
_ANB	[0, 1, -0.6931471805599453]
UBPP	[0, 1, -0.6931471805599453]
PPUB	[0, 1, -0.6931471805599453]
NBBP	[0, 1, -0.6931471805599453]
PUUP	[0, 1, -0.6931471805599453]
UUPB	[0, 1, -0.6931471805599453]
UPBN	[0, 1, -0.6931471805599453]
PBNA	[0, 1, -0.6931471805599453]
BNAB	[0, 1, -0.6931471805599453]
NABN	[0, 1, -0.6931471805599453]
NA_N	[0, 1, -0.6931471805599453]
_UUP	[0, 1, -0.6931471805599453]
UUP_	[0, 1, -0.6931471805599453]
